SL No:,Customer,Month,Amount,
1,A1,12-Jan-04,338932.1419,
2,A1,3-Jan-04,131778.6888,
3,A1,15-Jan-04,485981.5167,
4,A1,25-Jan-04,452865.8264,
5,A1,17-Jan-05,154684.8382,
6,A1,23-Feb-05,65040.53737,
7,A1,1-Feb-05,87857.92629,
8,A8,5-Feb-04,427464.8888,
9,A9,28-Feb-05,424592.5918,
10,A10,16-Feb-05,210273.389,
11,A11,23-Feb-05,223511.5477,
12,A12,3-Feb-05,362612.402,
13,A13,4-Feb-06,184404.514,
14,A14,25-Mar-06,456380.5701,
15,A15,31-Mar-06,180850.775,
16,A16,23-Mar-06,279424.8607,
17,A17,19-Mar-04,32458.13053,
18,A18,5-Mar-06,218533.0801,
19,A19,4-Apr-05,131884.8708,
20,A20,30-Apr-06,238191.5324,
21,A21,25-Apr-04,404118.754,
22,A22,19-Apr-06,107421.7221,
23,A23,6-Apr-04,79383.97435,
24,A24,27-Apr-05,131068.0894,
25,A25,5-May-04,438882.6841,
26,A26,6-May-06,379250.1323,
27,A27,7-May-05,132912.84,
28,A28,8-May-06,346761.5078,
29,A29,9-May-05,118078.4786,
30,A30,10-May-06,204738.5185,
31,A31,11-Jul-06,140608.546,
32,A32,12-Aug-05,8272.896504,
33,A33,13-Sep-04,135964.5599,
34,A34,20-Nov-05,442454.6812,
35,A35,21-Nov-06,275783.2434,
36,A36,22-Nov-05,205305.3771,
37,A37,23-Nov-04,312075.2093,
38,A38,24-May-05,412115.3785,
39,A39,25-May-05,466799.308,
40,A40,26-May-05,179428.396,
41,A41,27-May-05,72328.20426,
42,A42,28-May-05,265310.0259,
43,A43,29-May-05,366680.3966,
44,A44,30-May-05,66383.77296,
45,A45,31-May-05,600.3089349,
46,A46,1-Jun-05,128160.4252,
47,A47,2-Jun-05,393812.2651,
48,A48,3-Jun-05,63553.72727,
49,A49,3-Jul-05,188463.9723,
50,A50,3-Aug-05,353164.7502,
51,A51,3-Sep-05,2132.191829,
52,A52,3-Oct-05,69522.7123,
53,A53,3-Nov-05,241438.3316,
54,A54,3-Dec-05,181692.3524,
55,A55,3-Jan-06,22082.72452,
56,A56,3-Feb-06,491616.2213,
57,A57,3-Mar-06,273329.885,
58,A58,3-Apr-06,76475.71642,
59,A59,3-May-06,167178.9052,
60,A60,3-Jun-06,31706.43692,
61,A61,3-Jul-06,390272.01,
62,A60,3-Aug-06,417066.8875,
63,A61,3-Sep-06,329521.5814,
64,A62,3-Oct-06,229106.8571,
65,A63,3-Nov-06,183560.8413,
66,A64,3-Dec-06,105979.3918,
67,A65,12-Jan-04,63102.36354,
68,A66,3-Jan-04,359075.8384,
69,A67,15-Jan-04,54891.47396,
70,A68,25-Jan-04,297260.583,
71,A69,17-Jan-05,199445.2277,
72,A70,23-Feb-05,123807.9414,
73,A71,1-Feb-05,172183.2231,
74,A72,5-Feb-04,179598.2533,
75,A73,28-Feb-05,217966.2227,
76,A74,16-Feb-05,328046.7991,
77,A75,23-Feb-05,213696.658,
78,A76,3-Feb-05,302638.889,
79,A77,4-Feb-06,298796.4439,
80,A78,25-Mar-06,37529.72989,
81,A79,31-Mar-06,445940.8209,
82,A80,23-Mar-06,203690.3945,
83,A81,24-Mar-06,245438.6401,
84,A82,25-Mar-06,149636.8582,
85,A83,26-Mar-06,484678.1604,
86,A84,27-Mar-06,350760.2075,
87,A85,28-Mar-06,23879.87066,
88,A86,29-Mar-06,70297.57787,
89,A87,30-Mar-06,90696.94134,
90,A88,31-Mar-06,424095.6485,
91,A89,1-Apr-06,326795.9823,
92,A90,2-Apr-06,173139.215,
93,A91,3-Apr-06,471238.5301,
94,A92,4-Apr-06,388372.9533,
95,A93,12-Jan-04,491626.2947,
96,A94,3-Jan-04,388682.5817,
97,A95,15-Jan-04,381370.4426,
98,A96,25-Jan-04,462073.8133,
99,A97,12-Jan-04,269952.597,
100,A98,3-Jan-04,486616.4628,
101,A99,15-Jan-04,259682.4276,
102,A100,25-Jan-04,409187.8327,
103,A1,12-Jan-04,210398.1486,
104,A2,3-Jan-04,447693.6779,
105,A3,15-Jan-04,303871.3424,
106,A4,25-Jan-04,256026.7671,
107,A5,12-Jan-04,158779.756,
108,A6,3-Jan-04,159869.7282,
109,A7,15-Jan-04,311216.3148,
110,A8,12-Jan-04,301566.2155,
111,A9,3-Jan-04,384735.631,
112,A10,15-Jan-04,308390.731,
113,A11,25-Jan-04,314706.5568,
114,A12,17-Jan-05,339415.8059,
115,A13,23-Feb-05,328986.3886,
116,A14,1-Feb-05,14119.79921,
117,A1,5-Feb-04,276490.1432,
118,A2,28-Feb-05,388608.6839,
119,A3,16-Feb-05,426943.9145,
120,A4,23-Feb-05,274248.1648,
121,A5,3-Feb-05,257115.849,
122,A6,4-Feb-06,196202.2244,
123,A7,25-Mar-06,478868.2418,
124,A8,31-Mar-06,166628.5225,
125,A9,23-Mar-06,210358.9065,
126,A10,19-Mar-04,379401.694,
127,A11,5-Mar-06,357587.6811,
128,A12,4-Apr-05,134724.8632,
129,A13,30-Apr-06,420833.856,
130,A14,25-Apr-04,226704.0275,
131,A1,19-Apr-06,306962.5881,
132,A2,6-Apr-04,488043.6364,
133,A3,27-Apr-05,228178.5026,
134,A4,5-May-04,75482.3614,
135,A5,6-May-06,250211.7692,
136,A6,7-May-05,176075.0328,
137,A7,8-May-06,173167.1819,
138,A8,9-May-05,259511.1352,
139,A9,10-May-06,199358.5462,
140,A10,11-Jul-06,96261.94784,
141,A11,12-Aug-05,493294.693,
142,A12,13-Sep-04,39187.06925,
143,A13,20-Nov-05,470340.0191,
144,A14,21-Nov-06,394445.2931,
145,A1,22-Nov-05,407382.3851,
146,A2,23-Nov-04,388122.9432,
147,A3,24-May-05,90211.56202,
148,A4,25-May-05,316191.926,
149,A5,5-May-04,400590.0443,
150,A6,6-May-06,292200.3422,
151,A7,7-May-05,332788.1452,
152,A8,8-May-06,197624.8769,
153,A9,9-May-05,195161.9347,
154,A10,10-May-06,480145.0505,
155,A11,11-Jul-06,286695.7986,
156,A12,12-Aug-05,346457.9994,
157,A13,13-Sep-04,318641.7385,
158,A14,20-Nov-05,201087.0413,
159,A1,21-Nov-06,435747.7398,
160,A2,22-Nov-05,180837.1916,
161,A3,23-Nov-04,238724.4159,
162,A4,24-May-05,456233.1545,
163,A5,25-May-05,303100.0226,
164,A6,26-May-05,102833.1717,
165,A7,27-May-05,97398.56748,
166,A8,28-May-05,291008.3418,
167,A9,29-May-05,365711.9799,
168,A10,30-May-05,491107.0044,
169,A11,31-May-05,71353.5094,
170,A12,1-Jun-05,281144.5713,
171,A13,2-Jun-05,438632.4811,
172,A14,3-Jun-05,7256.744976,
173,A1,3-Jul-05,149833.5834,
174,A2,3-Aug-05,185978.8933,
175,A3,3-Sep-05,125616.3754,
176,A4,3-Oct-05,149242.971,
177,A5,3-Nov-05,247773.2949,
178,A6,3-Dec-05,96596.45813,
179,A7,3-Jan-06,304940.4042,
180,A8,3-Feb-06,310835.4586,
181,A9,3-Mar-06,119935.7505,
182,A10,3-Apr-06,361805.8964,
183,A11,3-May-06,77129.4023,
184,A12,3-Jun-06,415230.1144,
185,A13,3-Jul-06,49003.57338,
186,A14,3-Aug-06,76722.37044,
187,A1,3-Sep-06,341741.5056,
188,A2,3-Oct-06,312506.6908,
189,A3,3-Nov-06,454764.2761,
190,A4,3-Dec-06,65945.49328,
191,A5,12-Jan-04,425539.5574,
192,A6,3-Jan-04,19227.95705,
193,A7,15-Jan-04,364968.0031,
194,A8,25-Jan-04,296771.3486,
195,A9,17-Jan-05,107626.2588,
196,A10,23-Feb-05,6101.787915,
197,A11,1-Feb-05,341761.0329,
198,A12,5-Feb-04,312770.8349,
199,A13,28-Feb-05,167376.6409,
200,A14,16-Feb-05,462288.243,
201,A1,23-Feb-05,241258.4654,
202,A2,3-Feb-05,227919.4495,
203,A3,4-Feb-06,213329.1378,
204,A4,25-Mar-06,62734.4905,
205,A5,31-Mar-06,435431.1057,
206,A6,23-Mar-06,449381.3287,
207,A7,24-Mar-06,333487.2669,
208,A8,25-Mar-06,367195.4436,
209,A9,26-Mar-06,391795.716,
210,A10,27-Mar-06,337541.3423,
211,A11,28-Mar-06,493830.3932,
212,A12,29-Mar-06,240911.1667,
213,A13,30-Mar-06,245563.8443,
214,A14,31-Mar-06,27004.91411,
215,A1,1-Apr-06,375968.9639,
216,A2,2-Apr-06,250465.2753,
217,A3,3-Apr-06,455517.6242,
218,A4,4-Apr-06,48069.14161,
219,A5,12-Jan-04,474680.1837,
220,A6,3-Jan-04,117657.9555,
221,A7,15-Jan-04,379563.2202,
222,A8,25-Jan-04,286650.1686,
223,A9,12-Jan-04,8454.295128,
224,A10,3-Jan-04,128329.8767,
225,A11,15-Jan-04,70215.17474,
226,A12,25-Jan-04,109621.7362,
227,A13,12-Jan-04,441385.9496,
228,A14,3-Jan-04,451726.3573,
229,A1,15-Jan-04,169678.2888,
230,A2,25-Jan-04,358895.4569,
231,A3,12-Jan-04,334767.0096,
232,A4,3-Jan-04,32689.22879,
233,A5,15-Jan-04,217393.3263,
234,A6,12-Jan-04,467929.7812,
235,A7,3-Jan-04,291546.9636,
236,A8,15-Jan-04,447034.2843,
237,A9,25-Jan-04,205005.5168,
238,A10,17-Jan-05,447840.4449,
239,A11,23-Feb-05,128178.7495,
240,A12,1-Feb-05,78461.87229,
241,A13,5-Feb-04,436652.0571,
242,A14,28-Feb-05,492500.4406,
243,A1,16-Feb-05,237967.9474,
244,A2,23-Feb-05,126494.8727,
245,A3,3-Feb-05,498554.4258,
246,A4,4-Feb-06,353687.531,
247,A5,25-Mar-06,459846.9873,
248,A6,31-Mar-06,231187.1839,
249,A7,23-Mar-06,248346.2587,
250,A8,19-Mar-04,244207.9372,
251,A9,5-Mar-06,290452.5168,
252,A10,4-Apr-05,70168.56262,
253,A11,30-Apr-06,349365.4463,
254,A12,25-Apr-04,491017.6629,
255,A13,19-Apr-06,256395.0439,
256,A14,6-Apr-04,348580.3349,
257,A5,27-Apr-05,48338.7681,
258,A6,5-May-04,87352.96232,
259,A7,6-May-06,198469.9897,
260,A8,7-May-05,269713.074,
261,A9,8-May-06,396573.5472,
262,A10,9-May-05,314319.1744,
263,A11,10-May-06,271438.2648,
264,A12,11-Jul-06,200738.916,
265,A13,12-Aug-05,343231.887,
266,A14,5-May-04,181580.6141,
267,A15,6-May-06,452583.8482,
268,A16,7-May-05,447274.4601,
269,A17,8-May-06,301237.5572,
270,A18,9-May-05,134812.9286,
271,A19,10-May-06,458009.9912,
272,A20,11-Jul-06,161010.3628,
273,A21,12-Aug-05,76390.96814,
274,A22,13-Sep-04,206906.6909,
275,A5,20-Nov-05,134258.1634,
276,A6,21-Nov-06,100034.8169,
277,A7,22-Nov-05,272532.1455,
278,A8,23-Nov-04,469340.6147,
279,A9,24-May-05,429193.9715,
280,A10,25-May-05,425519.716,
281,A11,26-May-05,327152.6429,
282,A12,27-May-05,105000.043,
283,A13,28-May-05,17109.45139,
284,A14,29-May-05,211697.2641,
285,A15,30-May-05,488333.9885,
286,A16,31-May-05,143445.4317,
287,A17,1-Jun-05,449140.4692,
288,A18,2-Jun-05,482691.0492,
289,A19,3-Jun-05,452853.8679,
290,A20,3-Jul-05,224571.2554,
291,A21,3-Aug-05,215738.7715,
292,A22,3-Sep-05,186400.7157,
293,A5,3-Oct-05,14830.67223,
294,A6,3-Nov-05,270668.934,
295,A7,3-Dec-05,55517.32656,
296,A8,3-Jan-06,431412.4506,
297,A9,3-Feb-06,323199.7441,
298,A10,3-Mar-06,477901.1138,
299,A11,3-Apr-06,82174.16364,
300,A12,3-May-06,433127.3268,
301,A13,3-Jun-06,223278.6246,
302,A14,3-Jul-06,104070.7157,
303,A15,3-Aug-06,456541.9696,
304,A16,3-Sep-06,17836.61353,
305,A17,3-Oct-06,155666.9613,
306,A18,3-Nov-06,194500.1547,
307,A19,3-Dec-06,183240.2965,
308,A20,12-Jan-04,104328.8988,
309,A21,3-Jan-04,242029.4948,
310,A22,15-Jan-04,272813.5464,
311,A5,25-Jan-04,192757.8913,
312,A6,17-Jan-05,256335.2947,
313,A7,23-Feb-05,449140.674,
314,A8,1-Feb-05,116422.0443,
315,A9,5-Feb-04,35581.8976,
316,A10,28-Feb-05,293183.0231,
317,A11,16-Feb-05,91731.61434,
318,A12,23-Feb-05,252068.0482,
319,A13,3-Feb-05,289136.7228,
320,A14,4-Feb-06,455656.9676,
321,A15,25-Mar-06,422060.3084,
322,A16,31-Mar-06,336150.6764,
323,A17,23-Mar-06,140073.3413,
324,A18,24-Mar-06,165648.2081,
325,A19,25-Mar-06,447967.4734,
326,A20,26-Mar-06,24706.65585,
327,A21,27-Mar-06,235367.9022,
328,A22,28-Mar-06,267884.3056,
329,A5,29-Mar-06,487918.534,
330,A6,30-Mar-06,438405.6134,
331,A7,31-Mar-06,189481.0265,
332,A8,1-Apr-06,35241.95888,
333,A9,2-Apr-06,215255.1941,
334,A10,3-Apr-06,198374.8248,
335,A11,4-Apr-06,69472.06043,
336,A12,12-Jan-04,305626.7263,
337,A13,3-Jan-04,437756.0406,
338,A14,15-Jan-04,425251.8491,
339,A15,25-Jan-04,74575.66381,
340,A16,12-Jan-04,9720.250441,
341,A17,3-Jan-04,389100.8838,
342,A18,15-Jan-04,403946.3032,
343,A19,25-Jan-04,240363.0655,
344,A20,12-Jan-04,356746.2805,
345,A21,3-Jan-04,27639.45686,
346,A22,15-Jan-04,316650.6432,
347,A5,25-Jan-04,319850.5836,
348,A6,12-Jan-04,272305.2994,
349,A7,3-Jan-04,384832.3818,
350,A8,15-Jan-04,223299.0319,
351,A9,12-Jan-04,440147.2686,
352,A10,3-Jan-04,418464.4356,
353,A11,15-Jan-04,209188.5345,
354,A12,25-Jan-04,373929.3595,
355,A13,17-Jan-05,317368.9476,
356,A14,23-Feb-05,97933.24223,
357,A15,1-Feb-05,92247.01127,
358,A16,5-Feb-04,359672.5518,
359,A17,28-Feb-05,472998.1887,
360,A18,16-Feb-05,317869.8802,
361,A19,23-Feb-05,324827.7144,
362,A20,3-Feb-05,234611.2197,
363,A21,4-Feb-06,166440.2794,
364,A22,25-Mar-06,166569.5436,
365,A12,31-Mar-06,95051.99702,
366,A13,23-Mar-06,5152.311207,
367,A14,19-Mar-04,49484.24131,
368,A15,5-Mar-06,308738.1487,
369,A16,4-Apr-05,200221.7618,
370,A17,30-Apr-06,355505.1037,
371,A18,25-Apr-04,95106.96974,
372,A19,19-Apr-06,65426.81557,
373,A20,6-Apr-04,75135.10905,
374,A21,27-Apr-05,174254.1996,
375,A22,5-May-04,163096.7817,
376,A23,6-May-06,74051.73474,
377,A24,7-May-05,389704.0134,
378,A25,8-May-06,3148.115046,
379,A26,9-May-05,393061.4283,
380,A27,10-May-06,402549.0389,
381,A28,11-Jul-06,235588.5159,
382,A29,12-Aug-05,154373.4863,
383,A30,5-May-04,478483.4499,
384,A12,6-May-06,297272.2116,
385,A13,7-May-05,181916.9392,
386,A14,8-May-06,382632.0474,
387,A15,9-May-05,334328.7175,
388,A16,10-May-06,100523.226,
389,A17,11-Jul-06,382999.6088,
390,A18,12-Aug-05,450996.9057,
391,A19,13-Sep-04,68206.7502,
392,A20,20-Nov-05,438595.6099,
393,A21,21-Nov-06,432810.3748,
394,A22,22-Nov-05,12840.81539,
395,A23,23-Nov-04,448351.8146,
396,A24,24-May-05,352321.0387,
397,A25,25-May-05,99009.03418,
398,A26,26-May-05,369657.2856,
399,A27,27-May-05,85101.34352,
400,A28,28-May-05,24263.11506,
401,A29,29-May-05,370948.4817,
402,A30,30-May-05,188668.0923,
403,A12,31-May-05,112802.3311,
404,A13,1-Jun-05,391480.6485,
405,A14,2-Jun-05,157439.3758,
406,A15,3-Jun-05,266728.2194,
407,A16,3-Jul-05,345682.883,
408,A17,3-Aug-05,227063.9447,
409,A18,3-Sep-05,487767.7845,
410,A19,3-Oct-05,56850.24111,
411,A20,3-Nov-05,344328.7678,
412,A21,3-Dec-05,236681.1907,
413,A22,3-Jan-06,206521.1284,
414,A23,3-Feb-06,426941.9966,
415,A24,3-Mar-06,52076.9908,
416,A25,3-Apr-06,70782.00713,
417,A26,3-May-06,4094.671962,
418,A27,3-Jun-06,429926.8541,
419,A28,3-Jul-06,304444.2619,
420,A29,3-Aug-06,183579.121,
421,A30,3-Sep-06,322491.2385,
422,A12,3-Oct-06,451019.9792,
423,A13,3-Nov-06,231069.12,
424,A14,3-Dec-06,3408.11596,
425,A15,12-Jan-04,267390.5564,
426,A16,3-Jan-04,246216.5612,
427,A17,15-Jan-04,435710.7317,
428,A18,25-Jan-04,173529.4438,
429,A19,17-Jan-05,69386.32259,
430,A20,23-Feb-05,230453.4997,
431,A21,1-Feb-05,110598.919,
432,A22,5-Feb-04,126307.6432,
433,A23,28-Feb-05,436791.2365,
434,A24,16-Feb-05,86412.42214,
435,A25,23-Feb-05,423054.1743,
436,A26,3-Feb-05,465219.0499,
437,A27,4-Feb-06,455090.2553,
438,A28,25-Mar-06,257325.2972,
439,A29,31-Mar-06,185279.1672,
440,A30,23-Mar-06,293205.9227,
441,A12,24-Mar-06,354268.1968,
442,A13,25-Mar-06,253072.2515,
443,A14,26-Mar-06,433286.6117,
444,A15,27-Mar-06,63388.22859,
445,A16,28-Mar-06,305762.8118,
446,A17,29-Mar-06,46724.73005,
447,A18,30-Mar-06,95861.34274,
448,A19,31-Mar-06,153145.7259,
449,A20,1-Apr-06,262074.2738,
450,A21,2-Apr-06,5219.966213,
451,A22,3-Apr-06,369766.24,
452,A23,4-Apr-06,262843.1934,
453,A24,12-Jan-04,119050.4088,
454,A25,3-Jan-04,194188.8169,
455,A26,15-Jan-04,294846.8183,
456,A27,25-Jan-04,38685.66657,
457,A28,12-Jan-04,428194.7023,
458,A29,3-Jan-04,290639.495,
459,A30,15-Jan-04,376273.0839,
460,A12,25-Jan-04,233069.9641,
461,A13,12-Jan-04,107564.0449,
462,A14,3-Jan-04,104717.6821,
463,A15,15-Jan-04,484512.9652,
464,A16,25-Jan-04,63561.09284,
465,A17,12-Jan-04,271371.7274,
466,A18,3-Jan-04,301714.1641,
467,A19,15-Jan-04,317923.4615,
468,A20,12-Jan-04,177407.8871,
469,A21,3-Jan-04,187374.1607,
470,A22,15-Jan-04,273693.6164,
471,A23,25-Jan-04,29091.39057,
472,A24,17-Jan-05,45403.5046,
473,A25,23-Feb-05,140305.6089,
474,A26,1-Feb-05,369948.6694,
475,A27,5-Feb-04,349529.7536,
476,A28,28-Feb-05,64019.81995,
477,A29,16-Feb-05,74267.34429,
478,A30,23-Feb-05,335620.9682,
479,A12,3-Feb-05,265919.2525,
480,A13,4-Feb-06,61365.99778,
481,A14,25-Mar-06,245750.6659,
482,A15,31-Mar-06,117632.6705,
483,A16,23-Mar-06,268821.477,
484,A17,19-Mar-04,426420.9495,
485,A18,5-Mar-06,238956.0397,
486,A19,4-Apr-05,469722.9844,
487,A20,30-Apr-06,37647.14043,
488,A21,25-Apr-04,286841.602,
489,A22,19-Apr-06,57953.31914,
490,A23,6-Apr-04,380890.6461,
491,A24,27-Apr-05,95567.12069,
492,A25,5-May-04,380455.3336,
493,A26,6-May-06,399679.4865,
494,A27,7-May-05,442189.4633,
495,A28,8-May-06,53526.08575,
496,A29,9-May-05,489652.0833,
497,A30,10-May-06,138956.3633,
498,A12,11-Jul-06,90225.75487,
499,A13,12-Aug-05,488541.5548,
500,A14,5-May-04,438905.5266,
501,A15,6-May-06,382748.6783,
502,A16,7-May-05,436840.6217,
503,A17,8-May-06,13516.07411,
504,A18,9-May-05,137923.5154,
505,A19,10-May-06,125265.7582,
506,A20,11-Jul-06,55923.71857,
507,A21,12-Aug-05,128530.5603,
508,A22,13-Sep-04,286584.1272,
509,A23,20-Nov-05,41885.14692,
510,A24,21-Nov-06,208597.5146,
511,A25,22-Nov-05,108582.5184,
512,A26,23-Nov-04,411511.7381,
513,A27,24-May-05,384023.93,
514,A28,25-May-05,418378.3852,
515,A29,26-May-05,428190.275,
516,A30,27-May-05,46529.76717,
517,A12,28-May-05,33351.12575,
518,A13,29-May-05,156740.25,
519,A14,30-May-05,294468.3927,
520,A15,31-May-05,443547.9299,
521,A16,1-Jun-05,229210.9207,
522,A17,2-Jun-05,442066.1357,
523,A18,3-Jun-05,218951.4653,
524,A19,3-Jul-05,468677.7724,
525,A20,3-Aug-05,405080.2171,
526,A21,3-Sep-05,214147.1881,
527,A22,3-Oct-05,363883.1846,
528,A23,3-Nov-05,81725.05172,
529,A24,3-Dec-05,200667.3838,
530,A25,3-Jan-06,297855.4171,
531,A26,3-Feb-06,313085.841,
532,A27,3-Mar-06,322428.0452,
533,A28,3-Apr-06,32088.82963,
534,A29,3-May-06,109915.9917,
535,A30,3-Jun-06,431716.9743,
536,A12,3-Jul-06,71099.21251,
537,A13,3-Aug-06,270579.7862,
538,A14,3-Sep-06,461784.0802,
539,A15,3-Oct-06,277167.5149,
540,A16,3-Nov-06,111154.7704,
541,A17,3-Dec-06,126778.7536,
542,A18,12-Jan-04,14941.33584,
543,A19,3-Jan-04,273351.9908,
544,A20,15-Jan-04,444363.3589,
545,A21,25-Jan-04,470261.4036,
546,A22,17-Jan-05,326124.4922,
547,A23,23-Feb-05,245250.6893,
548,A24,1-Feb-05,301371.0367,
549,A25,5-Feb-04,3528.627739,
550,A26,28-Feb-05,56554.25142,
551,A27,16-Feb-05,388760.7864,
552,A28,23-Feb-05,362670.0181,
553,A29,3-Feb-05,301598.8717,
554,A30,4-Feb-06,343049.8905,
555,A12,25-Mar-06,287982.2827,
556,A13,31-Mar-06,11497.26617,
557,A14,23-Mar-06,171269.4847,
558,A15,24-Mar-06,215735.3462,
559,A16,25-Mar-06,66517.61333,
560,A17,26-Mar-06,432117.4899,
561,A18,27-Mar-06,419086.1095,
562,A19,28-Mar-06,411450.0011,
563,A20,29-Mar-06,247837.4395,
564,A21,30-Mar-06,314995.4285,
565,A22,31-Mar-06,76164.86776,
566,A23,1-Apr-06,471261.7284,
567,A24,2-Apr-06,139863.3214,
568,A25,3-Apr-06,438792.0715,
569,A26,4-Apr-06,314079.5652,
570,A27,12-Jan-04,307488.4383,
571,A28,3-Jan-04,94177.27721,
572,A29,15-Jan-04,71122.76438,
573,A30,25-Jan-04,188166.4956,
574,A12,12-Jan-04,246305.3352,
575,A13,3-Jan-04,454412.3703,
576,A14,15-Jan-04,244391.0557,
577,A15,25-Jan-04,24380.11274,
578,A16,12-Jan-04,142177.5795,
579,A17,3-Jan-04,163279.6746,
580,A18,15-Jan-04,278107.5829,
581,A19,25-Jan-04,122319.0112,
582,A20,12-Jan-04,21002.06101,
583,A21,3-Jan-04,362440.7341,
584,A22,15-Jan-04,153598.6347,
585,A23,12-Jan-04,11595.17645,
586,A24,3-Jan-04,239413.4161,
587,A25,15-Jan-04,234920.4308,
588,A26,25-Jan-04,174848.8639,
589,A27,17-Jan-05,150005.0263,
590,A28,23-Feb-05,380083.8858,
591,A29,1-Feb-05,291815.6364,
592,A30,5-Feb-04,450365.8133,
593,A12,28-Feb-05,4465.97988,
594,A13,16-Feb-05,496905.4582,
595,A14,23-Feb-05,32710.81864,
596,A15,3-Feb-05,467084.382,
597,A16,4-Feb-06,431920.1929,
598,A17,25-Mar-06,472440.8198,
599,A18,31-Mar-06,117733.6329,
600,A19,23-Mar-06,385934.9401,
601,A20,19-Mar-04,129127.6047,
602,A21,5-Mar-06,179686.3615,
603,A22,4-Apr-05,266762.8266,
604,A23,30-Apr-06,332311.2108,
605,A24,25-Apr-04,285802.5008,
606,A25,19-Apr-06,157906.9881,
607,A26,6-Apr-04,172242.1179,
608,A27,27-Apr-05,40865.74216,
609,A28,5-May-04,3330.307326,
610,A29,6-May-06,130770.252,
611,A30,7-May-05,316494.4634,
612,A21,8-May-06,38831.40169,
613,A22,9-May-05,441248.4043,
614,A23,10-May-06,167927.8488,
615,A24,11-Jul-06,82895.80649,
616,A25,12-Aug-05,263972.0964,
617,A26,5-May-04,257878.6534,
618,A27,6-May-06,368725.7637,
619,A28,7-May-05,62640.46552,
620,A29,8-May-06,354258.7254,
621,A30,9-May-05,115178.9784,
622,A31,10-May-06,294845.5005,
623,A32,11-Jul-06,49499.06289,
624,A33,12-Aug-05,39070.613,
625,A34,13-Sep-04,282345.1416,
626,A35,20-Nov-05,106839.9305,
627,A36,21-Nov-06,151151.3637,
628,A37,22-Nov-05,139357.2903,
629,A38,23-Nov-04,293728.0039,
630,A39,24-May-05,197491.578,
631,A40,25-May-05,334799.7369,
632,A41,26-May-05,99881.42221,
633,A42,27-May-05,498112.1171,
634,A43,28-May-05,357449.5181,
635,A44,29-May-05,486129.7523,
636,A45,30-May-05,224689.6011,
637,A46,31-May-05,40295.34161,
638,A47,1-Jun-05,168892.8431,
639,A48,2-Jun-05,309285.9368,
640,A49,3-Jun-05,45486.55908,
641,A21,3-Jul-05,374413.1432,
642,A22,3-Aug-05,416460.258,
643,A23,3-Sep-05,1964.986228,
644,A24,3-Oct-05,437896.0376,
645,A25,3-Nov-05,83540.54319,
646,A26,3-Dec-05,369526.3749,
647,A27,3-Jan-06,487591.5912,
648,A28,3-Feb-06,451137.7125,
649,A29,3-Mar-06,283115.9074,
650,A30,3-Apr-06,390388.6681,
651,A31,3-May-06,97458.44222,
652,A32,3-Jun-06,413996.8936,
653,A33,3-Jul-06,496965.294,
654,A34,3-Aug-06,313830.1442,
655,A35,3-Sep-06,410274.682,
656,A36,3-Oct-06,375240.5046,
657,A37,3-Nov-06,258337.9214,
658,A38,3-Dec-06,298275.0462,
659,A39,12-Jan-04,141434.2122,
660,A40,3-Jan-04,156102.9747,
661,A41,15-Jan-04,253418.3512,
662,A42,25-Jan-04,420370.6398,
663,A43,17-Jan-05,24844.5668,
664,A44,23-Feb-05,140298.5107,
665,A45,1-Feb-05,75214.6923,
666,A46,5-Feb-04,485614.906,
667,A47,28-Feb-05,209203.8956,
668,A48,16-Feb-05,349365.7302,
669,A49,23-Feb-05,218647.1014,
670,A21,3-Feb-05,401305.8365,
671,A22,4-Feb-06,256297.6116,
672,A23,25-Mar-06,401993.9417,
673,A24,31-Mar-06,475541.8531,
674,A25,23-Mar-06,36612.24398,
675,A26,24-Mar-06,194593.8709,
676,A27,25-Mar-06,11427.60338,
677,A28,26-Mar-06,486561.144,
678,A29,27-Mar-06,115477.5696,
679,A30,28-Mar-06,105728.973,
680,A31,29-Mar-06,352956.1731,
681,A32,30-Mar-06,408663.3758,
682,A33,31-Mar-06,483510.1944,
683,A34,1-Apr-06,455345.3345,
684,A35,2-Apr-06,285842.4877,
685,A36,3-Apr-06,485591.2541,
686,A37,4-Apr-06,327649.5259,
687,A38,12-Jan-04,297942.8556,
688,A39,3-Jan-04,236046.8923,
689,A40,15-Jan-04,401878.1233,
690,A41,25-Jan-04,82378.42713,
691,A42,12-Jan-04,439860.3738,
692,A43,3-Jan-04,375815.6797,
693,A44,15-Jan-04,2863.793249,
694,A45,25-Jan-04,317259.4566,
695,A46,12-Jan-04,39806.54441,
696,A47,3-Jan-04,148290.1642,
697,A48,15-Jan-04,260120.4239,
698,A49,25-Jan-04,229177.671,
699,A21,12-Jan-04,300447.1373,
700,A22,3-Jan-04,364279.6551,
701,A23,15-Jan-04,38331.044,
702,A24,12-Jan-04,30042.55018,
703,A25,3-Jan-04,36677.07414,
704,A26,15-Jan-04,121004.6685,
705,A27,25-Jan-04,423268.8109,
706,A28,17-Jan-05,54814.03134,
707,A29,23-Feb-05,348980.5724,
708,A30,1-Feb-05,38325.94638,
709,A31,5-Feb-04,283848.2179,
710,A32,28-Feb-05,432623.5786,
711,A33,16-Feb-05,56526.94375,
712,A34,23-Feb-05,92497.02441,
713,A35,3-Feb-05,14342.03024,
714,A36,4-Feb-06,105789.7375,
715,A37,25-Mar-06,99495.10298,
716,A38,31-Mar-06,95575.45586,
717,A39,23-Mar-06,405259.4018,
718,A40,19-Mar-04,422168.9744,
719,A41,5-Mar-06,422253.4054,
720,A42,4-Apr-05,357484.7885,
721,A43,30-Apr-06,362475.9892,
722,A44,25-Apr-04,397225.6662,
723,A45,19-Apr-06,3141.122225,
724,A46,6-Apr-04,332637.5376,
725,A47,27-Apr-05,47746.16205,
726,A48,5-May-04,71451.34994,
727,A49,6-May-06,253058.4137,
728,A21,7-May-05,318063.0319,
729,A22,8-May-06,424441.947,
730,A23,9-May-05,360747.5645,
731,A24,10-May-06,328815.62,
732,A25,11-Jul-06,421929.6111,
733,A26,12-Aug-05,190929.4253,
734,A27,5-May-04,399297.5774,
735,A28,6-May-06,492990.1222,
736,A29,7-May-05,73719.17786,
737,A30,8-May-06,219553.409,
738,A31,9-May-05,161736.4517,
739,A32,10-May-06,344798.7325,
740,A33,11-Jul-06,132400.4859,
741,A34,12-Aug-05,206185.0896,
742,A35,13-Sep-04,375811.4487,
743,A36,20-Nov-05,76005.76683,
744,A37,21-Nov-06,124060.8805,
745,A38,22-Nov-05,334991.8328,
746,A39,23-Nov-04,79440.62337,
747,A40,24-May-05,160353.7694,
748,A41,25-May-05,57806.79847,
749,A42,26-May-05,452558.7031,
750,A43,27-May-05,160403.4507,
751,A44,28-May-05,23361.23971,
752,A45,29-May-05,241675.8434,
753,A46,30-May-05,130131.274,
754,A47,31-May-05,356433.1828,
755,A48,1-Jun-05,23762.67043,
756,A49,2-Jun-05,134742.0342,
757,A21,3-Jun-05,17535.66195,
758,A22,3-Jul-05,433066.3115,
759,A23,3-Aug-05,83722.15455,
760,A24,3-Sep-05,187061.9204,
761,A25,3-Oct-05,140509.9041,
762,A26,3-Nov-05,76349.35322,
763,A27,3-Dec-05,437287.9369,
764,A28,3-Jan-06,102585.1089,
765,A29,3-Feb-06,392129.8985,
766,A30,3-Mar-06,389501.351,
767,A31,3-Apr-06,62209.86902,
768,A32,3-May-06,275543.6308,
769,A33,3-Jun-06,86720.55655,
770,A34,3-Jul-06,371331.0063,
771,A35,3-Aug-06,74330.52013,
772,A36,3-Sep-06,89791.5097,
773,A37,3-Oct-06,339171.262,
774,A38,3-Nov-06,213142.5894,
775,A39,3-Dec-06,44901.77897,
776,A40,12-Jan-04,453931.3178,
777,A41,3-Jan-04,9434.535092,
778,A42,15-Jan-04,85982.56522,
779,A43,25-Jan-04,166280.3713,
780,A44,17-Jan-05,487145.7343,
781,A45,23-Feb-05,166080.4615,
782,A46,1-Feb-05,51163.37145,
783,A47,5-Feb-04,294310.6934,
784,A48,28-Feb-05,438950.3499,
785,A49,16-Feb-05,211912.4716,
786,A21,23-Feb-05,220156.942,
787,A22,3-Feb-05,231493.7707,
788,A23,4-Feb-06,251913.5836,
789,A24,25-Mar-06,214128.2047,
790,A25,31-Mar-06,248616.6807,
791,A26,23-Mar-06,147957.3745,
792,A27,24-Mar-06,6366.686022,
793,A28,25-Mar-06,99368.45096,
794,A29,26-Mar-06,283850.1802,
795,A30,27-Mar-06,257831.6868,
796,A31,28-Mar-06,130662.4652,
797,A32,29-Mar-06,166777.9931,
798,A33,30-Mar-06,487251.6956,
799,A34,31-Mar-06,99773.29796,
800,A35,1-Apr-06,451492.2166,
801,A36,2-Apr-06,14728.32749,
802,A37,3-Apr-06,265849.7859,
803,A38,4-Apr-06,206060.6242,
804,A39,12-Jan-04,150328.7339,
805,A40,3-Jan-04,369342.9965,
806,A41,15-Jan-04,249798.6697,
807,A42,25-Jan-04,168654.9653,
808,A43,12-Jan-04,80756.30808,
809,A44,3-Jan-04,333869.348,
810,A45,15-Jan-04,914.5522905,
811,A46,25-Jan-04,229586.6828,
812,A47,12-Jan-04,402613.3418,
813,A48,3-Jan-04,315082.2778,
814,A49,15-Jan-04,428724.3202,
815,A21,25-Jan-04,125657.4804,
816,A22,12-Jan-04,161640.4275,
817,A23,3-Jan-04,409434.928,
818,A24,15-Jan-04,144488.522,
819,A25,12-Jan-04,431744.1005,
820,A26,3-Jan-04,252597.2094,
821,A27,15-Jan-04,279005.1523,
822,A28,25-Jan-04,421180.0796,
823,A29,17-Jan-05,260166.1364,
824,A30,23-Feb-05,259376.2938,
825,A31,1-Feb-05,436867.4991,
826,A32,5-Feb-04,413012.7607,
827,A33,28-Feb-05,37816.57381,
828,A34,16-Feb-05,56137.7805,
829,A35,23-Feb-05,183793.1931,
830,A36,3-Feb-05,446493.8529,
831,A37,4-Feb-06,190336.3331,
832,A38,25-Mar-06,196760.0008,
833,A39,31-Mar-06,42652.79816,
834,A40,23-Mar-06,224621.6243,
835,A41,19-Mar-04,195330.1132,
836,A42,5-Mar-06,255654.363,
837,A43,4-Apr-05,234474.023,
838,A44,30-Apr-06,488059.8643,
839,A45,25-Apr-04,206664.1562,
840,A46,19-Apr-06,103812.2372,
841,A47,6-Apr-04,113750.6943,
842,A48,27-Apr-05,302206.7086,
843,A49,5-May-04,17324.52817,
844,A21,6-May-06,446884.4892,
845,A22,7-May-05,365872.026,
846,A23,8-May-06,251574.9322,
847,A24,9-May-05,284509.8519,
848,A25,10-May-06,208965.8462,
849,A26,11-Jul-06,291745.4842,
850,A27,12-Aug-05,189490.7882,
851,A28,5-May-04,444899.3358,
852,A29,6-May-06,466741.8382,
853,A30,7-May-05,61276.82542,
854,A31,8-May-06,11822.46256,
855,A32,9-May-05,164708.8953,
856,A33,10-May-06,401704.8134,
857,A34,11-Jul-06,202364.7203,
858,A35,12-Aug-05,398554.5823,
859,A36,13-Sep-04,457218.048,
860,A37,20-Nov-05,492875.792,
861,A38,21-Nov-06,67059.78748,
862,A39,22-Nov-05,465679.0645,
863,A40,23-Nov-04,311313.9623,
864,A41,24-May-05,93019.84591,
865,A42,25-May-05,393346.4779,
866,A43,26-May-05,210645.2718,
867,A44,27-May-05,352506.9292,
868,A45,28-May-05,43291.96587,
869,A46,29-May-05,147049.8822,
870,A47,30-May-05,102406.1118,
871,A48,31-May-05,132616.2359,
872,A49,1-Jun-05,344575.8176,
873,A21,2-Jun-05,387013.6427,
874,A22,3-Jun-05,200635.7929,
875,A23,3-Jul-05,446004.8553,
876,A24,3-Aug-05,127937.7537,
877,A25,3-Sep-05,201016.7355,
878,A26,3-Oct-05,265712.9279,
879,A27,3-Nov-05,150550.7705,
880,A28,3-Dec-05,448149.7248,
881,A29,3-Jan-06,434240.7497,
882,A30,3-Feb-06,483707.0242,
883,A31,3-Mar-06,77993.61947,
884,A32,3-Apr-06,69817.76458,
885,A33,3-May-06,251495.1463,
886,A34,3-Jun-06,366243.0652,
887,A35,3-Jul-06,327198.0448,
888,A36,3-Aug-06,469368.1674,
889,A37,3-Sep-06,484301.6458,
890,A38,3-Oct-06,442438.5916,
891,A39,3-Nov-06,283130.4256,
892,A40,3-Dec-06,301627.5259,
893,A41,12-Jan-04,105389.5516,
894,A42,3-Jan-04,467753.5057,
895,A43,15-Jan-04,233926.8937,
896,A44,25-Jan-04,231679.697,
897,A45,17-Jan-05,363329.6429,
898,A46,23-Feb-05,277418.7378,
899,A47,1-Feb-05,64072.29364,
900,A48,5-Feb-04,475441.8572,
901,A49,28-Feb-05,15631.16286,
902,A21,16-Feb-05,151003.3608,
903,A22,23-Feb-05,41664.28237,
904,A23,3-Feb-05,134696.7699,
905,A24,4-Feb-06,479074.306,
906,A25,25-Mar-06,409080.8014,
907,A26,31-Mar-06,473166.3688,
908,A27,23-Mar-06,18545.15725,
909,A28,24-Mar-06,366367.397,
910,A29,25-Mar-06,25798.52621,
911,A30,26-Mar-06,266722.7257,
912,A31,27-Mar-06,240732.0399,
913,A32,28-Mar-06,412053.7974,
914,A33,29-Mar-06,159165.7978,
915,A34,30-Mar-06,372683.5873,
916,A35,31-Mar-06,29638.90163,
917,A36,1-Apr-06,73336.99317,
918,A37,2-Apr-06,294594.7757,
919,A38,3-Apr-06,165071.1064,
920,A39,4-Apr-06,354949.8387,
921,A40,12-Jan-04,283825.4106,
922,A41,3-Jan-04,361216.6811,
923,A42,15-Jan-04,347317.6527,
924,A43,25-Jan-04,155845.5617,
925,A44,12-Jan-04,51064.86975,
926,A45,3-Jan-04,299809.8787,
927,A46,15-Jan-04,152959.2204,
928,A47,25-Jan-04,483604.5557,
929,A48,12-Jan-04,267891.2284,
930,A49,3-Jan-04,34844.45664,
931,A21,15-Jan-04,139012.2696,
932,A22,25-Jan-04,340357.6406,
933,A23,12-Jan-04,377584.5142,
934,A24,3-Jan-04,271645.935,
935,A25,15-Jan-04,135361.4818,
936,A26,12-Jan-04,467764.5168,
937,A27,3-Jan-04,258846.5114,
938,A28,15-Jan-04,319140.6482,
939,A29,25-Jan-04,186126.7254,
940,A30,17-Jan-05,375603.0419,
941,A31,23-Feb-05,229057.0547,
942,A32,1-Feb-05,164117.3305,
943,A33,5-Feb-04,233652.3415,
944,A34,28-Feb-05,141940.5052,
945,A35,16-Feb-05,413791.3276,
946,A36,23-Feb-05,35249.27378,
947,A37,3-Feb-05,95594.84608,
948,A38,4-Feb-06,446547.5363,
949,A39,25-Mar-06,70810.00572,
950,A40,31-Mar-06,116819.2375,
951,A41,23-Mar-06,432598.6302,
952,A42,19-Mar-04,313202.9378,
953,A43,5-Mar-06,462974.7498,
954,A44,4-Apr-05,25898.99189,
955,A45,30-Apr-06,201460.8786,
956,A46,25-Apr-04,52514.24407,
957,A47,19-Apr-06,40422.09016,
958,A48,6-Apr-04,62765.65115,
959,A49,27-Apr-05,3177.542179,
960,A21,5-May-04,274398.4741,
961,A22,6-May-06,385115.0752,
962,A23,7-May-05,277128.6244,
963,A24,8-May-06,470539.2358,
964,A25,9-May-05,334795.0814,
965,A26,10-May-06,244882.4391,
966,A27,11-Jul-06,399498.3673,
967,A28,12-Aug-05,450195.6911,
968,A29,5-May-04,59870.25668,
969,A30,6-May-06,302981.2157,
970,A31,7-May-05,79605.67137,
971,A32,8-May-06,385145.2019,
972,A33,9-May-05,35922.26805,
973,A34,10-May-06,322923.2205,
974,A35,11-Jul-06,108114.1532,
975,A36,12-Aug-05,364091.7142,
976,A37,13-Sep-04,61203.24677,
977,A38,20-Nov-05,499405.4888,
978,A39,21-Nov-06,59743.66269,
979,A40,22-Nov-05,232163.6472,
980,A41,23-Nov-04,34383.60462,
981,A42,24-May-05,221532.9716,
982,A43,25-May-05,363718.1764,
983,A44,26-May-05,277623.9564,
984,A45,27-May-05,2228.786013,
985,A46,28-May-05,326477.6314,
986,A47,29-May-05,79065.69551,
987,A48,30-May-05,18800.12631,
988,A49,31-May-05,313964.8966,
989,A36,1-Jun-05,297631.0625,
990,A37,2-Jun-05,169483.4346,
991,A38,3-Jun-05,211317.1263,
992,A39,3-Jul-05,198858.8152,
993,A40,3-Aug-05,359164.525,
994,A41,3-Sep-05,198784.0479,
995,A42,3-Oct-05,72012.13095,
996,A43,3-Nov-05,172040.4335,
997,A44,3-Dec-05,68133.45782,
998,A45,3-Jan-06,468541.424,
999,A46,3-Feb-06,106506.4146,
1000,A47,3-Mar-06,257369.7022,
1001,A48,3-Apr-06,473847.0537,
1002,A49,3-May-06,244263.3746,
1003,A50,3-Jun-06,467146.8749,
1004,A51,3-Jul-06,83794.58841,
1005,A52,3-Aug-06,395298.3214,
1006,A53,3-Sep-06,1179.96103,
1007,A54,3-Oct-06,183668.5712,
1008,A55,3-Nov-06,402000.0082,
1009,A56,3-Dec-06,150815.3985,
1010,A57,12-Jan-04,2179.516677,
1011,A58,3-Jan-04,28462.56496,
1012,A59,15-Jan-04,434377.0155,
1013,A60,25-Jan-04,191457.0924,
1014,A61,17-Jan-05,155924.559,
1015,A60,23-Feb-05,147320.742,
1016,A61,1-Feb-05,194015.5358,
1017,A62,5-Feb-04,233905.4943,
1018,A36,28-Feb-05,74635.32322,
1019,A37,16-Feb-05,55606.05942,
1020,A38,23-Feb-05,188575.8417,
1021,A39,3-Feb-05,444774.9326,
1022,A40,4-Feb-06,206792.6527,
1023,A41,25-Mar-06,139026.9698,
1024,A42,31-Mar-06,87018.65283,
1025,A43,23-Mar-06,389147.9514,
1026,A44,24-Mar-06,314171.1592,
1027,A45,25-Mar-06,433231.5085,
1028,A46,26-Mar-06,400767.8616,
1029,A47,27-Mar-06,429965.1366,
1030,A48,28-Mar-06,80511.39608,
1031,A49,29-Mar-06,380285.2998,
1032,A50,30-Mar-06,66087.32051,
1033,A51,31-Mar-06,253730.7803,
1034,A52,1-Apr-06,410514.094,
1035,A53,2-Apr-06,139752.4753,
1036,A54,3-Apr-06,275027.8736,
1037,A55,4-Apr-06,62460.39378,
1038,A56,12-Jan-04,129855.0865,
1039,A57,3-Jan-04,473583.6232,
1040,A58,15-Jan-04,309600.9693,
1041,A59,25-Jan-04,45834.51291,
1042,A60,12-Jan-04,322846.5289,
1043,A61,3-Jan-04,251880.661,
1044,A60,15-Jan-04,479937.1315,
1045,A61,25-Jan-04,365102.0327,
1046,A62,12-Jan-04,212701.0379,
1047,A36,3-Jan-04,16241.00971,
1048,A37,15-Jan-04,287467.0786,
1049,A38,25-Jan-04,264056.1993,
1050,A39,12-Jan-04,129021.9267,
1051,A40,3-Jan-04,58873.45932,
1052,A41,15-Jan-04,236504.5658,
1053,A42,12-Jan-04,447732.2848,
1054,A43,3-Jan-04,495074.5773,
1055,A44,15-Jan-04,191119.7346,
1056,A45,25-Jan-04,110992.8185,
1057,A46,17-Jan-05,114372.1383,
1058,A47,23-Feb-05,347968.4806,
1059,A48,1-Feb-05,363966.5726,
1060,A49,5-Feb-04,214507.1196,
1061,A50,28-Feb-05,335149.3549,
1062,A51,16-Feb-05,347615.4402,
1063,A52,23-Feb-05,364742.4378,
1064,A53,3-Feb-05,286299.3301,
1065,A54,4-Feb-06,403110.9714,
1066,A55,25-Mar-06,484095.496,
1067,A56,31-Mar-06,482149.47,
1068,A57,23-Mar-06,119384.9898,
1069,A58,19-Mar-04,257364.1499,
1070,A59,5-Mar-06,28369.22754,
1071,A60,4-Apr-05,146178.0375,
1072,A61,30-Apr-06,273781.2526,
1073,A60,25-Apr-04,153941.426,
1074,A61,19-Apr-06,18525.04865,
1075,A62,6-Apr-04,461715.6398,
1076,A36,27-Apr-05,424743.9828,
1077,A37,5-May-04,78232.49332,
1078,A38,6-May-06,273878.8522,
1079,A39,7-May-05,267441.5067,
1080,A40,8-May-06,70864.86431,
1081,A41,9-May-05,367022.078,
1082,A42,10-May-06,66253.42891,
1083,A43,11-Jul-06,326047.4525,
1084,A44,12-Aug-05,32344.21863,
1085,A45,5-May-04,95020.9633,
1086,A46,6-May-06,13021.6314,
1087,A47,7-May-05,99647.6875,
1088,A48,8-May-06,87204.98091,
1089,A49,9-May-05,97729.84904,
1090,A50,10-May-06,382197.0046,
1091,A51,11-Jul-06,461887.2298,
1092,A52,12-Aug-05,487007.5866,
1093,A53,13-Sep-04,470948.8362,
1094,A54,20-Nov-05,295158.8376,
1095,A55,21-Nov-06,491555.9785,
1096,A56,22-Nov-05,321546.13,
1097,A57,23-Nov-04,254664.5782,
1098,A58,24-May-05,136208.7341,
1099,A59,25-May-05,406851.4902,
1100,A60,26-May-05,39053.6929,
1101,A61,27-May-05,449827.2829,
1102,A60,28-May-05,227259.1168,
1103,A61,29-May-05,345180.8261,
1104,A62,30-May-05,83700.65747,
1105,A36,31-May-05,377289.2345,
1106,A37,1-Jun-05,190699.7881,
1107,A38,2-Jun-05,256998.6083,
1108,A39,3-Jun-05,406374.6693,
1109,A40,3-Jul-05,235233.4846,
1110,A41,3-Aug-05,422476.8502,
1111,A42,3-Sep-05,33292.01568,
1112,A43,3-Oct-05,152039.7309,
1113,A44,3-Nov-05,274533.6635,
1114,A45,3-Dec-05,72134.03953,
1115,A46,3-Jan-06,276888.0055,
1116,A47,3-Feb-06,366012.1445,
1117,A48,3-Mar-06,16830.53995,
1118,A49,3-Apr-06,445332.0292,
1119,A50,3-May-06,322588.1945,
1120,A51,3-Jun-06,379473.4908,
1121,A52,3-Jul-06,302283.9585,
1122,A53,3-Aug-06,283965.2913,
1123,A54,3-Sep-06,57248.86481,
1124,A55,3-Oct-06,415818.3516,
1125,A56,3-Nov-06,322778.2728,
1126,A57,3-Dec-06,177336.6635,
1127,A58,12-Jan-04,103151.8852,
1128,A59,3-Jan-04,122647.2334,
1129,A60,15-Jan-04,377838.1163,
1130,A61,25-Jan-04,370187.7994,
1131,A60,17-Jan-05,401255.1768,
1132,A61,23-Feb-05,417388.695,
1133,A62,1-Feb-05,89501.86811,
1134,A36,5-Feb-04,193656.0339,
1135,A37,28-Feb-05,35449.24836,
1136,A38,16-Feb-05,490247.094,
1137,A39,23-Feb-05,270500.8789,
1138,A40,3-Feb-05,204209.3008,
1139,A41,4-Feb-06,71865.28956,
1140,A42,25-Mar-06,369876.0405,
1141,A43,31-Mar-06,18462.81929,
1142,A44,23-Mar-06,312216.0848,
1143,A45,24-Mar-06,208059.463,
1144,A46,25-Mar-06,213518.6256,
1145,A47,26-Mar-06,150288.5085,
1146,A48,27-Mar-06,394663.503,
1147,A49,28-Mar-06,258655.0737,
1148,A50,29-Mar-06,98840.94071,
1149,A51,30-Mar-06,9256.44354,
1150,A52,31-Mar-06,242844.8888,
1151,A53,1-Apr-06,422607.3708,
1152,A54,2-Apr-06,325252.8989,
1153,A55,3-Apr-06,450571.667,
1154,A56,4-Apr-06,69207.94196,
1155,A57,12-Jan-04,20003.07386,
1156,A58,3-Jan-04,18566.92834,
1157,A59,15-Jan-04,479587.8963,
1158,A60,25-Jan-04,415494.4791,
1159,A61,12-Jan-04,134278.0505,
1160,A60,3-Jan-04,33698.17756,
1161,A61,15-Jan-04,186446.8227,
1162,A62,25-Jan-04,193508.4526,
1163,A36,12-Jan-04,304075.823,
1164,A37,3-Jan-04,365664.0941,
1165,A38,15-Jan-04,345930.6393,
1166,A39,25-Jan-04,210316.5112,
1167,A40,12-Jan-04,364709.6734,
1168,A41,3-Jan-04,451882.3768,
1169,A42,15-Jan-04,428841.0586,
1170,A43,12-Jan-04,308120.0374,
1171,A44,3-Jan-04,8638.360244,
1172,A45,15-Jan-04,164101.0305,
1173,A46,25-Jan-04,301910.2299,
1174,A47,17-Jan-05,241761.7607,
1175,A48,23-Feb-05,109264.4422,
1176,A49,1-Feb-05,88719.55322,
1177,A50,5-Feb-04,211569.6839,
1178,A51,28-Feb-05,415334.15,
1179,A52,16-Feb-05,103951.0558,
1180,A53,23-Feb-05,58259.20137,
1181,A54,3-Feb-05,222921.1387,
1182,A55,4-Feb-06,205408.9387,
1183,A56,25-Mar-06,221859.4808,
1184,A57,31-Mar-06,296021.6158,
1185,A58,23-Mar-06,123383.9454,
1186,A59,19-Mar-04,16954.49052,
1187,A60,5-Mar-06,331560.0454,
1188,A61,4-Apr-05,476117.1053,
1189,A60,30-Apr-06,285755.6257,
1190,A61,25-Apr-04,59842.45524,
1191,A62,19-Apr-06,330041.1607,
1192,A36,6-Apr-04,206255.9155,
1193,A37,27-Apr-05,267794.3359,
1194,A38,5-May-04,424247.8558,
1195,A39,6-May-06,249199.3477,
1196,A40,7-May-05,91223.8603,
1197,A41,8-May-06,473401.5363,
1198,A42,9-May-05,308327.7967,
1199,A43,10-May-06,479372.7825,
1200,A44,11-Jul-06,416681.7871,
1201,A45,12-Aug-05,421882.3476,
1202,A46,17-Jan-05,5567.787198,
1203,A47,23-Feb-05,315741.52,
1204,A48,1-Feb-05,396329.0149,
1205,A49,5-Feb-04,417060.4369,
1206,A50,28-Feb-05,319382.945,
1207,A51,16-Feb-05,27123.18537,
1208,A52,23-Feb-05,492890.1458,
1209,A53,3-Feb-05,166267.5035,
1210,A54,4-Feb-06,338563.3231,
1211,A55,25-Mar-06,118055.6808,
1212,A56,31-Mar-06,278011.2187,
1213,A57,23-Mar-06,257965.9814,
1214,A58,19-Mar-04,117503.5016,
1215,A59,5-Mar-06,306990.7303,
1216,A60,4-Apr-05,106939.6517,
1217,A61,30-Apr-06,123.4615343,
1218,A60,25-Apr-04,345513.4672,
1219,A61,19-Apr-06,117360.5352,
1220,A62,6-Apr-04,66651.69825,
1221,A36,27-Apr-05,52624.24926,
1222,A37,5-May-04,386398.3576,
1223,A38,6-May-06,107975.1986,
1224,A39,7-May-05,33147.25981,
1225,A40,8-May-06,188204.0174,
1226,A41,9-May-05,388663.1596,
1227,A42,10-May-06,90007.72604,
1228,A43,11-Jul-06,93332.01671,
1229,A44,12-Aug-05,198415.0102,
1230,A45,13-Sep-04,300617.7114,
1231,A46,20-Nov-05,120670.386,
1232,A47,21-Nov-06,358630.8383,
1233,A48,22-Nov-05,191729.2597,
1234,A49,23-Nov-04,236405.0014,
1235,A50,24-May-05,294089.6205,
1236,A51,25-May-05,139683.1931,
1237,A52,26-May-05,352054.185,
1238,A53,27-May-05,90607.43433,
1239,A54,28-May-05,430703.7875,
1240,A55,29-May-05,142282.8975,
1241,A56,30-May-05,479176.1225,
1242,A57,31-May-05,489490.5919,
1243,A58,1-Jun-05,413575.374,
1244,A59,2-Jun-05,195200.1289,
1245,A60,3-Jun-05,183410.3983,
1246,A61,3-Jul-05,405946.7428,
1247,A60,3-Aug-05,260536.0179,
1248,A61,3-Sep-05,67190.38674,
1249,A62,3-Oct-05,478165.4286,
1250,A36,3-Nov-05,321356.2683,
1251,A37,3-Dec-05,301923.5305,
1252,A38,3-Jan-06,99483.70653,
1253,A39,3-Feb-06,133543.61,
1254,A40,3-Mar-06,228468.2747,
1255,A41,3-Apr-06,341694.2829,
1256,A42,3-May-06,207953.733,
1257,A43,3-Jun-06,453206.3312,
1258,A44,3-Jul-06,269856.1824,
1259,A45,3-Aug-06,240170.0044,
1260,A46,3-Sep-06,68178.78937,
1261,A47,3-Oct-06,495872.0253,
1262,A48,3-Nov-06,21079.82302,
1263,A49,3-Dec-06,393370.5558,
1264,A50,12-Jan-04,370721.4817,
1265,A51,3-Jan-04,338785.5209,
1266,A52,15-Jan-04,206258.0446,
1267,A53,25-Jan-04,82681.34023,
1268,A54,17-Jan-05,344881.2432,
1269,A55,23-Feb-05,64982.02577,
1270,A56,1-Feb-05,499284.5096,
1271,A57,5-Feb-04,276567.1878,
1272,A58,28-Feb-05,305772.0146,
1273,A59,16-Feb-05,122161.242,
1274,A60,23-Feb-05,394368.498,
1275,A61,3-Feb-05,319910.4512,
1276,A60,4-Feb-06,73176.67907,
1277,A61,25-Mar-06,423888.1125,
1278,A62,31-Mar-06,387066.2108,
1279,A36,23-Mar-06,302124.6442,
1280,A37,24-Mar-06,125442.4736,
1281,A38,25-Mar-06,312778.5363,
1282,A39,26-Mar-06,119503.5769,
1283,A40,27-Mar-06,151200.7315,
1284,A41,28-Mar-06,315505.2198,
1285,A42,29-Mar-06,256156.5316,
1286,A43,30-Mar-06,412111.4433,
1287,A44,31-Mar-06,457162.4634,
1288,A45,1-Apr-06,471805.3808,
1289,A46,2-Apr-06,325906.503,
1290,A47,3-Apr-06,288166.5345,
1291,A48,4-Apr-06,307616.3521,
1292,A49,12-Jan-04,438415.2786,
1293,A50,3-Jan-04,250530.8968,
1294,A51,15-Jan-04,217995.3207,
1295,A52,25-Jan-04,14146.4625,
1296,A53,12-Jan-04,341984.7365,
1297,A54,3-Jan-04,38402.14038,
1298,A55,15-Jan-04,289572.1672,
1299,A56,25-Jan-04,235860.2409,
1300,A57,12-Jan-04,479349.0844,
1301,A58,3-Jan-04,423723.588,
1302,A59,15-Jan-04,442732.0718,
1303,A60,25-Jan-04,110333.0672,
1304,A61,12-Jan-04,247957.4042,
1305,A60,3-Jan-04,110959.3582,
1306,A61,15-Jan-04,428431.9771,
1307,A62,12-Jan-04,33349.95412,
1308,A36,3-Jan-04,353179.7397,
1309,A37,15-Jan-04,162325.3492,
1310,A38,25-Jan-04,115893.3147,
1311,A39,17-Jan-05,140235.2358,
1312,A40,23-Feb-05,300945.072,
1313,A41,1-Feb-05,31115.46476,
1314,A42,5-Feb-04,169866.3982,
1315,A43,28-Feb-05,334339.1074,
1316,A44,16-Feb-05,181811.5272,
1317,A45,23-Feb-05,306632.9966,
1318,A46,3-Feb-05,92460.64394,
1319,A47,4-Feb-06,206303.6709,
1320,A48,25-Mar-06,78992.86304,
1321,A49,31-Mar-06,305315.024,
1322,A50,23-Mar-06,292560.1076,
1323,A51,19-Mar-04,89106.47468,
1324,A52,5-Mar-06,252236.6539,
1325,A53,4-Apr-05,398132.8729,
1326,A54,30-Apr-06,284601.9834,
1327,A55,25-Apr-04,154891.6639,
1328,A56,19-Apr-06,82380.28044,
1329,A57,6-Apr-04,410294.4732,
1330,A58,27-Apr-05,98920.43515,
1331,A59,5-May-04,187364.011,
1332,A60,6-May-06,199413.3698,
1333,A61,7-May-05,241799.3022,
1334,A60,8-May-06,241980.4637,
1335,A61,9-May-05,281946.1607,
1336,A62,10-May-06,197783.9056,
1337,A36,11-Jul-06,455745.6036,
1338,A37,12-Aug-05,68467.76031,
1339,A38,13-Sep-04,232311.4792,
1340,A39,20-Nov-05,294939.7459,
1341,A40,21-Nov-06,239973.6699,
1342,A41,22-Nov-05,475388.5934,
1343,A42,23-Nov-04,425673.0764,
1344,A43,24-May-05,26519.10242,
1345,A44,25-May-05,337808.3194,
1346,A45,5-May-04,57423.1481,
1347,A46,6-May-06,265758.2409,
1348,A47,7-May-05,189464.3724,
1349,A48,8-May-06,259904.2085,
1350,A49,9-May-05,254207.5172,
1351,A50,10-May-06,257329.3319,
1352,A51,11-Jul-06,109667.5778,
1353,A52,12-Aug-05,246404.3211,
1354,A53,13-Sep-04,375372.5183,
1355,A54,20-Nov-05,395699.1641,
1356,A55,21-Nov-06,384393.1587,
1357,A56,22-Nov-05,118511.1094,
1358,A57,23-Nov-04,481272.599,
1359,A58,24-May-05,183328.0574,
1360,A59,25-May-05,201305.4225,
1361,A60,26-May-05,472710.7606,
1362,A61,27-May-05,308933.1956,
1363,A60,17-Jan-05,262654.7966,
1364,A61,23-Feb-05,82429.38643,
1365,A62,1-Feb-05,304579.1571,
1366,A36,5-Feb-04,89382.29594,
1367,A37,28-Feb-05,269594.2132,
1368,A38,16-Feb-05,83878.17781,
1369,A39,23-Feb-05,243409.6872,
1370,A40,3-Feb-05,73548.66422,
1371,A41,4-Feb-06,221820.8036,
1372,A42,25-Mar-06,491984.3681,
1373,A43,31-Mar-06,45761.52884,
1374,A44,23-Mar-06,276630.1825,
1375,A45,19-Mar-04,476959.8717,
1376,A46,5-Mar-06,166842.9238,
1377,A47,4-Apr-05,271302.7214,
1378,A48,30-Apr-06,127046.5297,
1379,A49,25-Apr-04,167183.1427,
1380,A50,19-Apr-06,50869.28718,
1381,A51,6-Apr-04,214192.7694,
1382,A52,27-Apr-05,313157.9398,
1383,A53,5-May-04,250453.4654,
1384,A54,6-May-06,197386.8066,
1385,A55,7-May-05,421266.584,
1386,A56,8-May-06,8330.658513,
1387,A57,9-May-05,346104.6421,
1388,A58,10-May-06,164378.6358,
1389,A59,11-Jul-06,218944.602,
1390,A60,12-Aug-05,403374.0497,
1391,A61,13-Sep-04,342117.2008,
1392,A60,20-Nov-05,373719.2454,
1393,A61,21-Nov-06,436971.2763,
1394,A62,22-Nov-05,421407.6578,
1395,A36,23-Nov-04,160780.6597,
1396,A37,24-May-05,256831.009,
1397,A38,25-May-05,274072.43,
1398,A39,26-May-05,484979.4678,
1399,A40,27-May-05,115427.1558,
1400,A41,28-May-05,240558.4781,
1401,A42,29-May-05,485592.2042,
1402,A43,30-May-05,109114.6132,
1403,A44,31-May-05,109882.9677,
1404,A45,1-Jun-05,3180.79569,
1405,A46,2-Jun-05,117188.9215,
1406,A47,3-Jun-05,408337.9195,
1407,A48,3-Jul-05,333769.5421,
1408,A49,3-Aug-05,28777.14322,
1409,A50,3-Sep-05,73512.63329,
1410,A51,3-Oct-05,21885.84623,
1411,A52,3-Nov-05,450098.063,
1412,A53,3-Dec-05,395243.6282,
1413,A54,3-Jan-06,423222.7003,
1414,A55,3-Feb-06,187395.6316,
1415,A56,3-Mar-06,251014.2509,
1416,A57,3-Apr-06,303042.887,
1417,A58,3-May-06,358942.5389,
1418,A59,3-Jun-06,256843.8165,
1419,A60,3-Jul-06,130684.5614,
1420,A61,3-Aug-06,155784.5105,
1421,A60,3-Sep-06,46710.13336,
1422,A61,3-Oct-06,306777.0645,
1423,A62,3-Nov-06,193517.547,
1424,A36,3-Dec-06,267848.1444,
1425,A37,12-Jan-04,345445.2347,
1426,A38,3-Jan-04,114823.8003,
1427,A39,15-Jan-04,129350.8417,
1428,A40,25-Jan-04,442424.1175,
1429,A41,17-Jan-05,276080.9654,
1430,A42,23-Feb-05,108075.6951,
1431,A43,1-Feb-05,337214.9286,
1432,A44,5-Feb-04,473817.6646,
1433,A45,28-Feb-05,402530.3637,
1434,A46,16-Feb-05,102189.2017,
1435,A47,23-Feb-05,37666.9194,
1436,A48,3-Feb-05,34862.45308,
1437,A49,4-Feb-06,294364.3246,
1438,A50,25-Mar-06,395109.6172,
1439,A51,31-Mar-06,494578.4522,
1440,A52,23-Mar-06,492002.7891,
1441,A53,24-Mar-06,246914.7803,
1442,A54,25-Mar-06,65366.57153,
1443,A55,26-Mar-06,178110.0724,
1444,A56,27-Mar-06,118917.8679,
1445,A57,28-Mar-06,237842.6709,
1446,A58,29-Mar-06,121612.9778,
1447,A59,30-Mar-06,355733.8535,
1448,A60,31-Mar-06,414568.6057,
1449,A61,1-Apr-06,393074.9277,
1450,A60,2-Apr-06,206490.914,
1451,A61,3-Apr-06,137950.3652,
1452,A62,4-Apr-06,343317.6814,
1453,A63,12-Jan-04,357936.1489,
1454,A36,3-Jan-04,92580.83188,
1455,A37,15-Jan-04,84725.39027,
1456,A38,25-Jan-04,439753.3462,
1457,A39,12-Jan-04,137183.7578,
1458,A40,3-Jan-04,392154.5631,
1459,A41,15-Jan-04,64532.68416,
1460,A42,25-Jan-04,192668.2522,
1461,A43,12-Jan-04,267835.3328,
1462,A44,3-Jan-04,350146.6669,
1463,A45,15-Jan-04,341669.437,
1464,A46,25-Jan-04,242919.0332,
1465,A47,12-Jan-04,198777.4134,
1466,A48,3-Jan-04,329312.101,
1467,A49,15-Jan-04,106336.3985,
1468,A50,12-Jan-04,466517.8458,
1469,A51,3-Jan-04,73401.58755,
1470,A52,15-Jan-04,181459.4609,
1471,A53,25-Jan-04,91091.73582,
1472,A54,17-Jan-05,186872.6769,
1473,A55,23-Feb-05,51835.08658,
1474,A56,1-Feb-05,221238.2674,
1475,A57,5-Feb-04,350275.5352,
1476,A58,28-Feb-05,294340.5455,
1477,A59,16-Feb-05,327971.0115,
1478,A60,23-Feb-05,291872.6312,
1479,A61,3-Feb-05,71408.4506,
1480,A60,4-Feb-06,64069.73821,
1481,A61,25-Mar-06,329917.5451,
1482,A62,31-Mar-06,363452.3926,
1483,A56,23-Mar-06,168688.343,
1484,A57,19-Mar-04,452167.4386,
1485,A58,5-Mar-06,220081.0564,
1486,A59,4-Apr-05,80885.46475,
1487,A60,30-Apr-06,133438.4249,
1488,A61,25-Apr-04,84783.7697,
1489,A60,19-Apr-06,338856.4051,
1490,A61,6-Apr-04,69799.5718,
1491,A62,27-Apr-05,294384.4918,
1492,A63,5-May-04,207681.06,
1493,A64,6-May-06,449522.7979,
1494,A65,7-May-05,455752.8964,
1495,A66,8-May-06,268456.7288,
1496,A67,9-May-05,461916.048,
1497,A68,10-May-06,269635.6455,
1498,A69,11-Jul-06,181524.0464,
1499,A70,12-Aug-05,308330.6785,
1500,A71,13-Sep-04,125220.1279,
,,,,
,,,,
,,,,
,,,,
,,,,
,,,,
,,,,
,,,,
,,,,
,,,,
,,,,
,,,,
,,,,
,,,,
,,,,
,,,,
,,,,
,,,,
,,,,
,,,,
,,,,
,,,,
,,,,
